winter,metric,value,as_of,scope,source_url,publisher,attribution,notes
2023/24,Cold/hypothermia deaths (UN-reported),,2024-03-31,"Gaza Strip, Nov 2023-Mar 2024",,,,"None found in OCHA Flash Updates #26-#150 or UNRWA SitReps #29-#100. Absence of reporting, not a confirmed zero. No storm-related building collapses or sea-surge incidents found either."
2023/24,Displaced people (exposure),1900000,2023-12-12,Gaza Strip; ~85% of the population,https://www.ochaopt.org/content/hostilities-gaza-strip-and-israel-flash-update-69,OCHA Flash Update #69 (quoting UNRWA),UN (UNRWA),"'almost 1.9 million people'. Exposure context, not a weather impact."
2023/24,IDPs living in makeshift shelters (exposure),1000000,2024-02-20,"Gaza Strip, majority in Rafah",https://www.ochaopt.org/content/hostilities-gaza-strip-and-israel-flash-update-122,OCHA Flash Update #122 (quoting UNOSAT),UN (UNOSAT),'over one million'; lower bound.
2024/25,"Hypothermia deaths, cumulative (age mix unstated)",8,2025-01-06,"Gaza Strip, winter to date (from ~24 Dec 2024)",https://www.ochaopt.org/content/humanitarian-situation-update-253-gaza-strip,OCHA HSU #253,"Authority (MoH, quoted by OCHA)",'brought the total number of deaths due to hypothermia to eight across the Strip'. May include the adult medical worker reported 27 Dec.
2024/25,Newborn hypothermia deaths in December 2024,7,2024-12-31,"Gaza Strip, December 2024",https://www.ochaopt.org/content/humanitarian-situation-update-253-gaza-strip,OCHA HSU #253 (relaying WHO Director-General),"UN (WHO DG) relaying, underlying source probably MoH",'at least seven newborns'; IOM DG gives >=7 infants as of 3 Jan 2025.
2024/25,Infant and newborn cold deaths since 26 Dec 2024,8,2025-01-08,Gaza Strip,https://www.unicef.org/press-releases/new-year-brings-little-new-hope-children-gaza-least-74-children-reportedly-killed,UNICEF press release,Source not named ('reportedly'),UNRWA SitRep #154 repeats: 'eight newborns died of the cold in less than three weeks'. Differs in scope from the MoH 8 (all ages).
2024/25,"Newborn cold/hypothermia deaths, 24-25 Feb 2025",6,2025-02-25,Gaza City (5) and Khan Younis (1),https://www.ochaopt.org/content/humanitarian-situation-update-267-gaza-strip,OCHA HSU #267,"Health officials cited in media, quoted by OCHA","No source states a season total of cold deaths for 2024/25 (8 + 6 = 14 is a computation, not a sourced figure)."
2024/25,Building-collapse deaths (storm-related),,2025-03-31,"Gaza Strip, Nov 2024-Mar 2025",https://www.ochaopt.org/content/humanitarian-situation-update-241-gaza-strip,OCHA HSU #241 (risk statement only),,"None reported in verified sources; OCHA HSU #241 gives only a risk statement. Absence of reporting, not a confirmed zero."
2024/25,People living in makeshift shelters (exposure),1600000,2024-11-26,Gaza Strip,https://www.ochaopt.org/content/humanitarian-situation-update-241-gaza-strip,OCHA HSU #241,UN (OCHA estimate),'over 1.6 million'; 'nearly half a million' of them in flood-prone areas.
2024/25,People in flood-prone areas (exposure),500000,2024-11-26,Gaza Strip,https://www.ochaopt.org/content/humanitarian-situation-update-241-gaza-strip,OCHA HSU #241,UN (OCHA estimate),"'nearly half a million'. UNRWA (via The National, 25 Nov) also gives ~500,000."
2024/25,Flood-prone displacement sites assessed (exposure),101,2024-11-12,"Khan Younis, Deir al Balah, Rafah",https://reliefweb.int/report/occupied-palestinian-territory/site-management-working-group-winterization-response-i-gaza-november-2024,Site Management Working Group (CCCM/IOM/UNHCR),UN (SMWG),"Hosting 450,720 people; in 91 of 101 sites 'no solution if the site becomes uninhabitable due to flooding'."
2024/25,People hosted in flood-prone sites (exposure),450720,2024-11-12,"101 sites in Khan Younis, Deir al Balah, Rafah",https://reliefweb.int/report/occupied-palestinian-territory/site-management-working-group-winterization-response-i-gaza-november-2024,Site Management Working Group (CCCM/IOM/UNHCR),UN (SMWG),Repeated by Shelter Cluster/NRC on 16 Dec 2024.
2025/26,"Families affected, December 2025 rainstorms (incl. Storm Byron)",65000,2025-12-31,537 sites; whole of December,https://www.sheltercluster.org/palestine/documents/shelter-cluster-rain-storm-december-2025,"Shelter Cluster, 'Snapshot of Rainstorm on Shelter & NFI in December - Gaza' (pub 5 Jan 2026)",UN (Shelter Cluster),"OCHA HSU #351 (30 Dec): 'the additional 65,000 households affected by recent rainstorms' (SC); UN News 6 Jan 2026 repeats. Spans GZ-2526-03 to GZ-2526-05."
2025/26,"Sites affected, December 2025 rainstorms",537,2025-12-31,whole of December,https://www.sheltercluster.org/palestine/documents/shelter-cluster-rain-storm-december-2025,Shelter Cluster December snapshot (pub 5 Jan 2026),UN (Shelter Cluster),
2025/26,"Families affected, January 2026 rainstorms",17221,2026-01-31,154 sites; whole of January,https://www.sheltercluster.org/palestine/documents/shelter-cluster-rain-storm-january-2026,"Shelter Cluster, 'Snapshot of Rainstorm ... January' (pub 4 Feb 2026)",UN (Shelter Cluster),Not comparable with SMC event counts: SMC alone reported 106 + 89 = 195 sites for 12-16 Jan. Spans GZ-2526-06 to GZ-2526-10.
2025/26,"Sites affected, January 2026 rainstorms",154,2026-01-31,whole of January,https://www.sheltercluster.org/palestine/documents/shelter-cluster-rain-storm-january-2026,Shelter Cluster January snapshot (pub 4 Feb 2026),UN (Shelter Cluster),
2025/26,"Households affected by heavy rainfall reached by joint storm response, January 2026",5549,2026-01-31,whole of January; response count,https://www.ochaopt.org/content/gaza-humanitarian-response-situation-report-no-66,OCHA SR No. 66 (citing Shelter Cluster January snapshot),UN (Shelter Cluster),"HSU #357 rounds to 'about 5,500 households'."
2025/26,Households flooded at least once during winter 2025/26 (%),71,2026-06-30,"accessible areas; household survey June 2026 (n=1,951); recall Nov 2025-Jun 2026",https://www.sheltercluster.org/palestine/documents/shelter-severity-and-household-needs-across-accessible-areas-gaza,Shelter Cluster CSN 'Exposed on All Sides' (pub 20 Aug 2026),UN (Shelter Cluster),"By shelter type: tents 83%, makeshift 82%, unfinished buildings 80%, collective centres 63%, houses/apartments 41%."
2025/26,Households in tents flooded at least once during winter 2025/26 (%),83,2026-06-30,households living in tents; same survey,https://www.sheltercluster.org/palestine/documents/shelter-severity-and-household-needs-across-accessible-areas-gaza,Shelter Cluster CSN (pub 20 Aug 2026),UN (Shelter Cluster),
2025/26,Flooded households reporting shelter damage (%),51,2026-06-30,households flooded at least once; same survey,https://www.sheltercluster.org/palestine/documents/shelter-severity-and-household-needs-across-accessible-areas-gaza,Shelter Cluster CSN (pub 20 Aug 2026),UN (Shelter Cluster),"Of flooded households, 82% reported NFI damage and 60% food-stock damage."
2025/26,"People directly affected by flooding, cumulative pre-Byron rains",65745,2025-12-05,141 of 170 contacted flood-risk sites reported flooding 'during recent rainfall' (window not stated; ~14 Nov-5 Dec),https://www.ochaopt.org/content/gaza-humanitarian-response-situation-report-no-40,OCHA SR No. 40 (SMC),UN (SMC),Spans GZ-2526-01 and GZ-2526-02.
2025/26,"IDPs directly impacted by flooding, cumulative pre-Byron rains",140000,2025-12-08,219 highest-risk sites with confirmed flooding (earlier rains to ~8 Dec),https://www.ochaopt.org/content/gaza-humanitarian-response-situation-report-no-42,OCHA SR No. 42 (SMC flood risk analysis),UN (SMC),"'over 140,000'; IOM (11/12 Dec) repeats. Spans GZ-2526-01 to GZ-2526-03."
2025/26,Families affected by heavy rain since 11 Dec 2025,56051,2025-12-28,"464 locations, 56 neighbourhoods; since 11 Dec",https://www.ochaopt.org/content/gaza-humanitarian-response-situation-report-no-56,OCHA SR No. 56,OCHA (no named source),Covers Storm Byron and the late-December storm (GZ-2526-04 and GZ-2526-05).
2025/26,"Child hypothermia deaths, cumulative",3,2025-12-29,December 2025,https://www.ochaopt.org/content/humanitarian-situation-update-351-gaza-strip,OCHA HSU #351,"Authority (MoH, quoted by OCHA)","'so far in December ... three children died of hypothermia, including a two-month-old baby who died on 29 December'."
2025/26,"Child hypothermia deaths, cumulative",6,2026-01-13,winter to date,https://news.un.org/en/story/2026/01/1166750,"UN News (UNICEF, James Elder)",UN (UNICEF statement),'six children who died of hypothermia just this winter'.
2025/26,"Child hypothermia deaths, cumulative",7,2026-01-14,since 1 Dec 2025 (4 since 1 Jan 2026),https://www.ochaopt.org/content/humanitarian-situation-update-353-gaza-strip,OCHA HSU #353,"Authority (MoH, quoted by OCHA)",SR62 gives the same 7 within its 31 storm-related deaths.
2025/26,"Child hypothermia deaths, cumulative",9,2026-01-20,since the beginning of the winter season,https://www.ochaopt.org/content/gaza-humanitarian-response-situation-report-no-63,OCHA SR No. 63,"Authority (MoH, quoted by OCHA)",
2025/26,"Child hypothermia deaths, cumulative",10,2026-01-27,since the onset of winter,https://www.ochaopt.org/content/gaza-humanitarian-response-situation-report-no-65,OCHA SR No. 65 (citing WHO),"UN (WHO, 'reportedly')",
2025/26,"Child hypothermia deaths, cumulative",11,2026-01-27,"winter 2025/26 (7 boys, 4 girls)",https://www.ochaopt.org/content/humanitarian-situation-update-355-gaza-strip,OCHA HSU #355,"Authority (MoH, quoted by OCHA)",Last UN-cited count (none later in SR66-69 or March HSRs). UNICEF Winterization Plan 2026-27 says 'at least 11 children' (reportedly). Media snippets citing '15' are unverified.
2025/26,"Building-collapse deaths, cumulative",17,2025-12-29,December 2025,https://www.ochaopt.org/content/humanitarian-situation-update-351-gaza-strip,OCHA HSU #351,"Authority (MoH, quoted by OCHA)",Not the same as HSU #351's '17 Palestinians were killed' 17-29 Dec (general conflict toll).
2025/26,"Building-collapse deaths, cumulative",24,2026-01-14,since onset of winter; part of the 31 storm-related deaths,https://www.ochaopt.org/content/gaza-humanitarian-response-situation-report-no-62,OCHA SR No. 62,"Authority (MoH, quoted by OCHA)",
2025/26,"Building-collapse deaths, cumulative",25,2026-01-14,"since mid-December, 'collapse of previously damaged buildings due to weather conditions'",https://www.ochaopt.org/content/humanitarian-situation-update-353-gaza-strip,OCHA HSU #353,"Authority (MoH, quoted by OCHA)","Both 24 (SR62) and 25 (HSU#353) are MoH, same date; kept separately."
2025/26,"Storm-related deaths (all causes), cumulative",31,2026-01-14,since onset of winter: 7 child hypothermia + 24 collapsing structures,https://www.ochaopt.org/content/gaza-humanitarian-response-situation-report-no-62,OCHA SR No. 62,"Authority (MoH, quoted by OCHA)","B'Tselem (23 Feb 2026) '39 residents incl. 22 minors' died of severe weather Dec-Jan: search-title only, unverified, NGO - not used."
2025/26,Residential buildings fully collapsed since early Dec 2025,18,2025-12-30,Gaza Strip; plus >110 buildings with dangerous partial damage,https://www.ochaopt.org/content/humanitarian-situation-update-351-gaza-strip,OCHA HSU #351,"Authority (PCD, quoted by OCHA)","PCD separately: 22 buildings collapsed after the 10 Dec storm, 18 deaths, as of 21 Dec (SR53)."
2025/26,Displacement sites in flood-prone areas (exposure),761,2026-01-14,SMC pre-winter mapping,https://www.ochaopt.org/content/humanitarian-situation-update-353-gaza-strip,OCHA HSU #353 (citing SMC),UN (SMC),"Hosting ~795,000 people (~40% of the population); SR42/43 first gave 849,977 for the same 761 sites."
2025/26,People in flood-prone displacement sites (exposure),795000,2026-01-14,761 sites; SMC pre-winter mapping,https://www.ochaopt.org/content/humanitarian-situation-update-353-gaza-strip,OCHA HSU #353 (citing SMC),UN (SMC),"'nearly 795,000'; IOM's Byron release uses the same figure."
2025/26,Families in high-risk coastal areas before winter (exposure),4400,2026-01-14,"~24,500 people",https://www.ochaopt.org/content/humanitarian-situation-update-353-gaza-strip,OCHA HSU #353 (citing SMC),UN (SMC),"'About 4,400 families'."
2025/26,Shelters/tents potentially affected by or exposed to flooding (exposure),76508,2026-01-11,"of 283,566 shelters mapped; imagery 15 Dec 2025 and 11 Jan 2026",https://unosat.org/static/unosat_filesystem/4241/UNOSAT_A3_portrait_Flood_Gaza_Strip_SheltersDensityImpact_population_Impact_20260111.pdf,UNOSAT FL20260111PSE (pub 16 Feb 2026),UN (UNOSAT),"Body text 76,508, headline 76,509. 850,499 people flood-exposed; 40,670 shelters very exposed to strong wind and sea surge (219,746 people). Preliminary, not field-validated."
2025/26,"Displacement sites in predicted flood-risk zones, end of winter (exposure)",912,2026-03-01,"of 1,474 sites; ~987,101 people",https://reliefweb.int/report/occupied-palestinian-territory/palestine-sites-exposed-flood-risks-01-march-2026,"SMC with IOM NPM, 'Sites Exposed to Flood Risks (01 March 2026)'",UN (SMC/IOM),Figures from the ReliefWeb summary (PDF blocked).
