harvest_year,governorate,olives_pressed_t,oil_t,presses,source_url
1999,Palestine total,15092.0,3436.0,165,https://www.pcbs.gov.ps/Portals/_PCBS/Downloads/book1045.pdf
2000,Palestine total,126149.0,27062.0,249,https://www.pcbs.gov.ps/Portals/_PCBS/Downloads/book1045.pdf
2001,Palestine total,22154.0,5443.0,194,https://www.pcbs.gov.ps/Portals/_PCBS/Downloads/book1045.pdf
2002,Palestine total,124564.0,27744.0,246,https://www.pcbs.gov.ps/Portals/_PCBS/Downloads/book1045.pdf
2003,Palestine total,44573.0,11163.0,215,https://www.pcbs.gov.ps/Portals/_PCBS/Downloads/book1045.pdf
2003,West Bank total,42825.0,10801.0,203,https://www.pcbs.gov.ps/Portals/_PCBS/Downloads/book1045.pdf
2003,Jenin and Tubas,11580.0,2908.0,44,https://www.pcbs.gov.ps/Portals/_PCBS/Downloads/book1045.pdf
2003,Tulkarm,5650.0,1454.0,26,https://www.pcbs.gov.ps/Portals/_PCBS/Downloads/book1045.pdf
2003,Nablus,6897.0,1709.0,41,https://www.pcbs.gov.ps/Portals/_PCBS/Downloads/book1045.pdf
2003,Qalqiliya,2580.0,747.0,11,https://www.pcbs.gov.ps/Portals/_PCBS/Downloads/book1045.pdf
2003,Salfit,5322.0,1385.0,26,https://www.pcbs.gov.ps/Portals/_PCBS/Downloads/book1045.pdf
2003,Ramallah and Al-Bireh,5528.0,1452.0,30,https://www.pcbs.gov.ps/Portals/_PCBS/Downloads/book1045.pdf
2003,Bethlehem,1419.0,344.0,5,https://www.pcbs.gov.ps/Portals/_PCBS/Downloads/book1045.pdf
2003,Hebron,3849.0,802.0,20,https://www.pcbs.gov.ps/Portals/_PCBS/Downloads/book1045.pdf
2003,Gaza Strip total,1748.0,362.0,12,https://www.pcbs.gov.ps/Portals/_PCBS/Downloads/book1045.pdf
2003,Gaza and Deir Al-Balah,1103.0,235.0,6,https://www.pcbs.gov.ps/Portals/_PCBS/Downloads/book1045.pdf
2003,Khan Yunis and Rafah,645.0,127.0,6,https://www.pcbs.gov.ps/Portals/_PCBS/Downloads/book1045.pdf
2004,Palestine total,95765.0,22106.0,242,https://www.pcbs.gov.ps/Portals/_PCBS/Downloads/book1142.PDF
2004,West Bank total,90226.0,21124.0,227,https://www.pcbs.gov.ps/Portals/_PCBS/Downloads/book1142.PDF
2004,Jenin and Tubas,19910.0,4712.0,47,https://www.pcbs.gov.ps/Portals/_PCBS/Downloads/book1142.PDF
2004,Tulkarm,14995.0,3692.0,30,https://www.pcbs.gov.ps/Portals/_PCBS/Downloads/book1142.PDF
2004,Nablus,15459.0,3795.0,45,https://www.pcbs.gov.ps/Portals/_PCBS/Downloads/book1142.PDF
2004,Qalqiliya,7287.0,1830.0,14,https://www.pcbs.gov.ps/Portals/_PCBS/Downloads/book1142.PDF
2004,Salfit,8923.0,2154.0,27,https://www.pcbs.gov.ps/Portals/_PCBS/Downloads/book1142.PDF
2004,Ramallah and Al-Bireh,12809.0,2778.0,35,https://www.pcbs.gov.ps/Portals/_PCBS/Downloads/book1142.PDF
2004,Bethlehem,2257.0,501.0,7,https://www.pcbs.gov.ps/Portals/_PCBS/Downloads/book1142.PDF
2004,Hebron,8586.0,1662.0,22,https://www.pcbs.gov.ps/Portals/_PCBS/Downloads/book1142.PDF
2004,Gaza Strip total,5539.0,982.0,15,https://www.pcbs.gov.ps/Portals/_PCBS/Downloads/book1142.PDF
2004,Gaza and Deir Al-Balah,3178.0,577.0,8,https://www.pcbs.gov.ps/Portals/_PCBS/Downloads/book1142.PDF
2004,Khan Yunis and Rafah,2361.0,405.0,7,https://www.pcbs.gov.ps/Portals/_PCBS/Downloads/book1142.PDF
2005,Palestine total,27310.0,6790.0,203,https://www.pcbs.gov.ps/Downloads/book1251.pdf
2005,West Bank total,26081.0,6532.0,189,https://www.pcbs.gov.ps/Downloads/book1251.pdf
2005,Jenin and Tubas,6050.0,1481.0,40,https://www.pcbs.gov.ps/Downloads/book1251.pdf
2005,Tulkarm,2518.0,709.0,24,https://www.pcbs.gov.ps/Downloads/book1251.pdf
2005,Nablus,5647.0,1443.0,37,https://www.pcbs.gov.ps/Downloads/book1251.pdf
2005,Qalqiliya,1336.0,360.0,13,https://www.pcbs.gov.ps/Downloads/book1251.pdf
2005,Salfit,2449.0,601.0,20,https://www.pcbs.gov.ps/Downloads/book1251.pdf
2005,Ramallah and Al-Bireh,3013.0,781.0,26,https://www.pcbs.gov.ps/Downloads/book1251.pdf
2005,Bethlehem,1339.0,326.0,6,https://www.pcbs.gov.ps/Downloads/book1251.pdf
2005,Hebron,3729.0,831.0,23,https://www.pcbs.gov.ps/Downloads/book1251.pdf
2005,Gaza Strip total,1229.0,258.0,14,https://www.pcbs.gov.ps/Downloads/book1251.pdf
2005,Gaza and Deir Al-Balah,680.0,153.0,8,https://www.pcbs.gov.ps/Downloads/book1251.pdf
2005,Khan Yunis and Rafah,549.0,105.0,6,https://www.pcbs.gov.ps/Downloads/book1251.pdf
2006,Palestine total,159058.6,34001.9,246,https://www.pcbs.gov.ps/Downloads/book1336.pdf
2006,West Bank total,148348.0,32270.9,231,https://www.pcbs.gov.ps/Downloads/book1336.pdf
2006,Jenin and Tubas,32032.0,6811.5,49,https://www.pcbs.gov.ps/Downloads/book1336.pdf
2006,Tulkarm,21206.0,4359.3,27,https://www.pcbs.gov.ps/Downloads/book1336.pdf
2006,Nablus,27103.2,5767.8,50,https://www.pcbs.gov.ps/Downloads/book1336.pdf
2006,Qalqiliya,11669.4,2943.9,12,https://www.pcbs.gov.ps/Downloads/book1336.pdf
2006,Salfit,16183.4,3623.4,27,https://www.pcbs.gov.ps/Downloads/book1336.pdf
2006,Ramallah and Al-Bireh,30989.9,7022.6,34,https://www.pcbs.gov.ps/Downloads/book1336.pdf
2006,Bethlehem,2918.2,611.7,6,https://www.pcbs.gov.ps/Downloads/book1336.pdf
2006,Hebron,6245.9,1130.8,26,https://www.pcbs.gov.ps/Downloads/book1336.pdf
2006,Gaza Strip total,10710.6,1731.1,15,https://www.pcbs.gov.ps/Downloads/book1336.pdf
2006,Gaza and Deir Al-Balah,7423.9,1150.8,8,https://www.pcbs.gov.ps/Downloads/book1336.pdf
2006,Khan Yunis and Rafah,3286.7,580.3,7,https://www.pcbs.gov.ps/Downloads/book1336.pdf
2007,Palestine total,36032.7,8869.7,224,https://www.pcbs.gov.ps/Downloads/book1422.pdf
2007,West Bank total,32281.8,8177.7,208,https://www.pcbs.gov.ps/Downloads/book1422.pdf
2007,Jenin and Tubas,6680.5,1576.6,47,https://www.pcbs.gov.ps/Downloads/book1422.pdf
2007,Tulkarm,2135.8,606.5,23,https://www.pcbs.gov.ps/Downloads/book1422.pdf
2007,Nablus,6251.4,1554.3,41,https://www.pcbs.gov.ps/Downloads/book1422.pdf
2007,Qalqiliya,2079.0,516.1,11,https://www.pcbs.gov.ps/Downloads/book1422.pdf
2007,Salfit,3443.0,883.4,23,https://www.pcbs.gov.ps/Downloads/book1422.pdf
2007,Ramallah and Al-Bireh,5497.7,1599.8,31,https://www.pcbs.gov.ps/Downloads/book1422.pdf
2007,Bethlehem,1451.4,352.1,6,https://www.pcbs.gov.ps/Downloads/book1422.pdf
2007,Hebron,4743.2,1088.9,26,https://www.pcbs.gov.ps/Downloads/book1422.pdf
2007,Gaza Strip total,3750.9,692.0,16,https://www.pcbs.gov.ps/Downloads/book1422.pdf
2007,Gaza and Deir Al-Balah,2215.7,413.9,9,https://www.pcbs.gov.ps/Downloads/book1422.pdf
2007,Khan Yunis and Rafah,1535.3,278.1,7,https://www.pcbs.gov.ps/Downloads/book1422.pdf
2008,Palestine total,76387.8,17583.9,264,https://www.pcbs.gov.ps/Downloads/book1544.pdf
2008,West Bank total,70003.9,16541.6,249,https://www.pcbs.gov.ps/Downloads/book1544.pdf
2008,Jenin and Tubas,20453.3,4866.4,52,https://www.pcbs.gov.ps/Downloads/book1544.pdf
2008,Tulkarm,8965.2,2229.6,33,https://www.pcbs.gov.ps/Downloads/book1544.pdf
2008,Nablus,10799.0,2590.6,51,https://www.pcbs.gov.ps/Downloads/book1544.pdf
2008,Qalqiliya,5346.3,1387.4,14,https://www.pcbs.gov.ps/Downloads/book1544.pdf
2008,Salfit,8308.3,1808.8,27,https://www.pcbs.gov.ps/Downloads/book1544.pdf
2008,Ramallah and Al-Bireh,8977.1,2180.8,35,https://www.pcbs.gov.ps/Downloads/book1544.pdf
2008,Jerusalem,950.3,200.5,3,https://www.pcbs.gov.ps/Downloads/book1544.pdf
2008,Bethlehem,1334.4,280.2,7,https://www.pcbs.gov.ps/Downloads/book1544.pdf
2008,Hebron,4870.0,997.3,27,https://www.pcbs.gov.ps/Downloads/book1544.pdf
2008,Gaza Strip total,6383.9,1042.3,15,https://www.pcbs.gov.ps/Downloads/book1544.pdf
2008,Gaza and Deir Al-Balah,3468.0,563.9,7,https://www.pcbs.gov.ps/Downloads/book1544.pdf
2008,Khan Yunis and Rafah,2915.9,478.4,8,https://www.pcbs.gov.ps/Downloads/book1544.pdf
2009,Palestine total,19860.4,4771.3,235,https://www.pcbs.gov.ps/Downloads/book1656.pdf
2009,West Bank total,18258.2,4504.4,222,https://www.pcbs.gov.ps/Downloads/book1656.pdf
2009,Jenin and Tubas,6303.9,1584.6,52,https://www.pcbs.gov.ps/Downloads/book1656.pdf
2009,Tulkarm,1654.2,434.0,31,https://www.pcbs.gov.ps/Downloads/book1656.pdf
2009,Nablus,4751.9,1149.2,44,https://www.pcbs.gov.ps/Downloads/book1656.pdf
2009,Qalqiliya,695.8,187.0,13,https://www.pcbs.gov.ps/Downloads/book1656.pdf
2009,Salfit,1359.3,349.2,18,https://www.pcbs.gov.ps/Downloads/book1656.pdf
2009,Ramallah and Al-Bireh,1102.3,293.8,30,https://www.pcbs.gov.ps/Downloads/book1656.pdf
2009,Jerusalem,388.8,102.6,3,https://www.pcbs.gov.ps/Downloads/book1656.pdf
2009,Bethlehem,813.7,176.8,7,https://www.pcbs.gov.ps/Downloads/book1656.pdf
2009,Hebron,1188.3,227.2,24,https://www.pcbs.gov.ps/Downloads/book1656.pdf
2009,Gaza Strip total,1602.2,266.9,13,https://www.pcbs.gov.ps/Downloads/book1656.pdf
2009,Gaza and Deir Al-Balah,1008.9,167.7,7,https://www.pcbs.gov.ps/Downloads/book1656.pdf
2009,Khan Yunis and Rafah,593.3,99.2,6,https://www.pcbs.gov.ps/Downloads/book1656.pdf
2010,Palestine total,102161.9,23754.0,276,https://microdata.pcbs.gov.ps/PCBS-Metadata-en-v5.2/index.php/catalog/265/download/1013
2010,West Bank total,91082.1,21914.8,260,https://microdata.pcbs.gov.ps/PCBS-Metadata-en-v5.2/index.php/catalog/265/download/1013
2010,Jenin and Tubas,31317.7,7183.8,61,https://microdata.pcbs.gov.ps/PCBS-Metadata-en-v5.2/index.php/catalog/265/download/1013
2010,Tulkarm,15005.2,3897.1,37,https://microdata.pcbs.gov.ps/PCBS-Metadata-en-v5.2/index.php/catalog/265/download/1013
2010,Nablus,12954.5,3225.2,51,https://microdata.pcbs.gov.ps/PCBS-Metadata-en-v5.2/index.php/catalog/265/download/1013
2010,Qalqiliya,7239.6,1807.0,17,https://microdata.pcbs.gov.ps/PCBS-Metadata-en-v5.2/index.php/catalog/265/download/1013
2010,Salfit,9439.2,2339.2,25,https://microdata.pcbs.gov.ps/PCBS-Metadata-en-v5.2/index.php/catalog/265/download/1013
2010,Ramallah and Al-Bireh,8128.4,1949.3,34,https://microdata.pcbs.gov.ps/PCBS-Metadata-en-v5.2/index.php/catalog/265/download/1013
2010,Jerusalem,1082.1,264.0,4,https://microdata.pcbs.gov.ps/PCBS-Metadata-en-v5.2/index.php/catalog/265/download/1013
2010,Bethlehem,1734.7,394.0,7,https://microdata.pcbs.gov.ps/PCBS-Metadata-en-v5.2/index.php/catalog/265/download/1013
2010,Hebron,4180.7,855.0,24,https://microdata.pcbs.gov.ps/PCBS-Metadata-en-v5.2/index.php/catalog/265/download/1013
2010,Gaza Strip total,11079.8,1839.2,16,https://microdata.pcbs.gov.ps/PCBS-Metadata-en-v5.2/index.php/catalog/265/download/1013
2010,Gaza and Deir Al-Balah,7653.0,1256.6,7,https://microdata.pcbs.gov.ps/PCBS-Metadata-en-v5.2/index.php/catalog/265/download/1013
2010,Khan Yunis and Rafah,3426.8,582.6,9,https://microdata.pcbs.gov.ps/PCBS-Metadata-en-v5.2/index.php/catalog/265/download/1013
2011,Palestine total,93565.7,20754.0,272,https://www.pcbs.gov.ps/Downloads/book1861.pdf
2011,West Bank total,85003.4,19307.2,254,https://www.pcbs.gov.ps/Downloads/book1861.pdf
2011,Jenin and Tubas,13814.2,3369.6,58,https://www.pcbs.gov.ps/Downloads/book1861.pdf
2011,Tulkarm,11980.5,2764.4,35,https://www.pcbs.gov.ps/Downloads/book1861.pdf
2011,Nablus,16406.9,3667.6,50,https://www.pcbs.gov.ps/Downloads/book1861.pdf
2011,Qalqiliya,6315.1,1448.3,17,https://www.pcbs.gov.ps/Downloads/book1861.pdf
2011,Salfit,10310.5,2396.2,24,https://www.pcbs.gov.ps/Downloads/book1861.pdf
2011,Ramallah and Al-Bireh,18257.4,4162.0,33,https://www.pcbs.gov.ps/Downloads/book1861.pdf
2011,Jerusalem,1239.0,255.3,4,https://www.pcbs.gov.ps/Downloads/book1861.pdf
2011,Bethlehem,2298.3,449.3,8,https://www.pcbs.gov.ps/Downloads/book1861.pdf
2011,Hebron,4381.6,794.5,25,https://www.pcbs.gov.ps/Downloads/book1861.pdf
2011,Gaza Strip total,8562.3,1446.8,18,https://www.pcbs.gov.ps/Downloads/book1861.pdf
2011,Gaza and Deir Al-Balah,4631.2,773.8,9,https://www.pcbs.gov.ps/Downloads/book1861.pdf
2011,Khan Yunis and Rafah,3931.1,673.0,9,https://www.pcbs.gov.ps/Downloads/book1861.pdf
2012,Palestine total,104762.6,22951.1,279,https://www.pcbs.gov.ps/Downloads/book1962.pdf
2012,West Bank total,95215.8,21356.9,258,https://www.pcbs.gov.ps/Downloads/book1962.pdf
2012,Jenin and Tubas,33846.0,7835.2,69,https://www.pcbs.gov.ps/Downloads/book1962.pdf
2012,Tulkarm,13267.4,2787.4,35,https://www.pcbs.gov.ps/Downloads/book1962.pdf
2012,Nablus,11300.5,2597.2,46,https://www.pcbs.gov.ps/Downloads/book1962.pdf
2012,Qalqiliya,4355.9,1045.8,16,https://www.pcbs.gov.ps/Downloads/book1962.pdf
2012,Salfit,7791.7,1773.8,25,https://www.pcbs.gov.ps/Downloads/book1962.pdf
2012,Ramallah and Al-Bireh,10521.4,2429.4,30,https://www.pcbs.gov.ps/Downloads/book1962.pdf
2012,Jerusalem,2012.8,472.9,4,https://www.pcbs.gov.ps/Downloads/book1962.pdf
2012,Bethlehem,2656.9,618.0,7,https://www.pcbs.gov.ps/Downloads/book1962.pdf
2012,Hebron,9463.1,1797.2,26,https://www.pcbs.gov.ps/Downloads/book1962.pdf
2012,Gaza Strip total,9546.8,1594.2,21,https://www.pcbs.gov.ps/Downloads/book1962.pdf
2012,Gaza and Deir Al-Balah,5992.8,995.6,13,https://www.pcbs.gov.ps/Downloads/book1962.pdf
2012,Khan Yunis and Rafah,3554.0,598.6,8,https://www.pcbs.gov.ps/Downloads/book1962.pdf
2013,Palestine total,65829.4,17641.9,264,https://www.pcbs.gov.ps/Downloads/book2034.pdf
2013,West Bank total,60649.2,16540.2,244,https://www.pcbs.gov.ps/Downloads/book2034.pdf
2013,Jenin and Tubas,15163.5,4376.0,62,https://www.pcbs.gov.ps/Downloads/book2034.pdf
2013,Tulkarm,5699.4,1727.2,34,https://www.pcbs.gov.ps/Downloads/book2034.pdf
2013,Nablus,11277.7,2951.9,44,https://www.pcbs.gov.ps/Downloads/book2034.pdf
2013,Qalqiliya,2651.4,751.4,14,https://www.pcbs.gov.ps/Downloads/book2034.pdf
2013,Salfit,4177.9,1095.9,23,https://www.pcbs.gov.ps/Downloads/book2034.pdf
2013,Ramallah and Al-Bireh,13286.4,3646.0,31,https://www.pcbs.gov.ps/Downloads/book2034.pdf
2013,Jerusalem,1197.9,341.8,3,https://www.pcbs.gov.ps/Downloads/book2034.pdf
2013,Bethlehem,1899.3,460.2,8,https://www.pcbs.gov.ps/Downloads/book2034.pdf
2013,Hebron,5295.8,1189.8,25,https://www.pcbs.gov.ps/Downloads/book2034.pdf
2013,Gaza Strip total,5180.2,1101.7,20,https://www.pcbs.gov.ps/Downloads/book2034.pdf
2013,Gaza,938.4,204.0,6,https://www.pcbs.gov.ps/Downloads/book2034.pdf
2013,Deir Al-Balah,2620.5,572.1,7,https://www.pcbs.gov.ps/Downloads/book2034.pdf
2013,Khan Yunis and Rafah,1621.3,325.7,7,https://www.pcbs.gov.ps/Downloads/book2034.pdf
2014,Palestine total,108379.1,24758.5,265,https://www.pcbs.gov.ps/Downloads/book2111.pdf
2014,West Bank total,88356.4,21241.5,243,https://www.pcbs.gov.ps/Downloads/book2111.pdf
2014,Jenin and Tubas,28708.4,6645.6,64,https://www.pcbs.gov.ps/Downloads/book2111.pdf
2014,Tulkarm,11135.3,2650.2,32,https://www.pcbs.gov.ps/Downloads/book2111.pdf
2014,Nablus,13249.4,3286.4,43,https://www.pcbs.gov.ps/Downloads/book2111.pdf
2014,Qalqiliya,7899.6,1963.5,14,https://www.pcbs.gov.ps/Downloads/book2111.pdf
2014,Salfit,9019.2,2323.2,24,https://www.pcbs.gov.ps/Downloads/book2111.pdf
2014,Ramallah and Al-Bireh,8509.7,2301.1,30,https://www.pcbs.gov.ps/Downloads/book2111.pdf
2014,Jerusalem,1236.1,323.6,3,https://www.pcbs.gov.ps/Downloads/book2111.pdf
2014,Bethlehem,2688.3,561.2,8,https://www.pcbs.gov.ps/Downloads/book2111.pdf
2014,Hebron,5910.4,1186.6,25,https://www.pcbs.gov.ps/Downloads/book2111.pdf
2014,Gaza Strip total,20022.6,3517.0,22,https://www.pcbs.gov.ps/Downloads/book2111.pdf
2014,Gaza,4317.7,773.3,6,https://www.pcbs.gov.ps/Downloads/book2111.pdf
2014,Deir Al-Balah,11598.8,2051.4,8,https://www.pcbs.gov.ps/Downloads/book2111.pdf
2014,Khan Yunis and Rafah,4106.2,692.2,8,https://www.pcbs.gov.ps/Downloads/book2111.pdf
2015,Palestine total,95142.0,21084.4,272,https://www.pcbs.gov.ps/Downloads/book2182.pdf
2015,West Bank total,85478.9,19530.3,248,https://www.pcbs.gov.ps/Downloads/book2182.pdf
2015,Jenin and Tubas,24092.9,5522.7,61,https://www.pcbs.gov.ps/Downloads/book2182.pdf
2015,Tulkarm,6949.1,1730.3,37,https://www.pcbs.gov.ps/Downloads/book2182.pdf
2015,Nablus,15643.2,3664.7,42,https://www.pcbs.gov.ps/Downloads/book2182.pdf
2015,Qalqiliya,6943.6,1642.6,15,https://www.pcbs.gov.ps/Downloads/book2182.pdf
2015,Salfit,7727.1,1892.7,25,https://www.pcbs.gov.ps/Downloads/book2182.pdf
2015,Ramallah and Al-Bireh,12759.9,2765.9,32,https://www.pcbs.gov.ps/Downloads/book2182.pdf
2015,Jerusalem,1372.1,343.5,3,https://www.pcbs.gov.ps/Downloads/book2182.pdf
2015,Bethlehem,3831.9,647.9,8,https://www.pcbs.gov.ps/Downloads/book2182.pdf
2015,Hebron,6159.1,1320.0,25,https://www.pcbs.gov.ps/Downloads/book2182.pdf
2015,Gaza Strip total,9663.1,1554.2,24,https://www.pcbs.gov.ps/Downloads/book2182.pdf
2015,Gaza,1244.2,196.4,8,https://www.pcbs.gov.ps/Downloads/book2182.pdf
2015,Deir Al-Balah,5673.5,915.2,8,https://www.pcbs.gov.ps/Downloads/book2182.pdf
2015,Khan Yunis and Rafah,2745.4,442.6,8,https://www.pcbs.gov.ps/Downloads/book2182.pdf
2016,Palestine total,84147.6,20134.9,274,https://www.pcbs.gov.ps/Downloads/book2258.pdf
2016,West Bank total,64126.5,16434.4,245,https://www.pcbs.gov.ps/Downloads/book2258.pdf
2016,Jenin and Tubas,20400.2,5035.6,59,https://www.pcbs.gov.ps/Downloads/book2258.pdf
2016,Tulkarm,9552.0,2388.0,35,https://www.pcbs.gov.ps/Downloads/book2258.pdf
2016,Nablus,7168.5,2015.7,40,https://www.pcbs.gov.ps/Downloads/book2258.pdf
2016,Qalqiliya,6044.6,1595.7,15,https://www.pcbs.gov.ps/Downloads/book2258.pdf
2016,Salfit,5870.8,1573.3,26,https://www.pcbs.gov.ps/Downloads/book2258.pdf
2016,Ramallah and Al-Bireh,5740.0,1599.9,34,https://www.pcbs.gov.ps/Downloads/book2258.pdf
2016,Jerusalem,930.4,261.0,4,https://www.pcbs.gov.ps/Downloads/book2258.pdf
2016,Bethlehem,2476.6,608.0,7,https://www.pcbs.gov.ps/Downloads/book2258.pdf
2016,Hebron,5943.6,1357.1,25,https://www.pcbs.gov.ps/Downloads/book2258.pdf
2016,Gaza Strip total,20021.1,3700.5,29,https://www.pcbs.gov.ps/Downloads/book2258.pdf
2016,Gaza and North Gaza,4605.3,760.0,10,https://www.pcbs.gov.ps/Downloads/book2258.pdf
2016,Deir Al-Balah,9210.7,1780.3,9,https://www.pcbs.gov.ps/Downloads/book2258.pdf
2016,Khan Yunis and Rafah,6205.2,1160.2,10,https://www.pcbs.gov.ps/Downloads/book2258.pdf
2017,Palestine total,87799.1,19532.9,274,https://www.pcbs.gov.ps/Downloads/book2357.pdf
2017,West Bank total,76128.8,17701.5,246,https://www.pcbs.gov.ps/Downloads/book2357.pdf
2017,Jenin and Tubas,19371.1,4371.7,60,https://www.pcbs.gov.ps/Downloads/book2357.pdf
2017,Tulkarm,13508.0,3377.0,36,https://www.pcbs.gov.ps/Downloads/book2357.pdf
2017,Nablus,13425.2,3121.0,39,https://www.pcbs.gov.ps/Downloads/book2357.pdf
2017,Qalqiliya,6621.0,1625.5,17,https://www.pcbs.gov.ps/Downloads/book2357.pdf
2017,Salfit,5861.7,1452.5,26,https://www.pcbs.gov.ps/Downloads/book2357.pdf
2017,Ramallah and Al-Bireh,9219.8,2143.9,33,https://www.pcbs.gov.ps/Downloads/book2357.pdf
2017,Jerusalem,1035.3,243.8,4,https://www.pcbs.gov.ps/Downloads/book2357.pdf
2017,Bethlehem,2271.0,472.9,6,https://www.pcbs.gov.ps/Downloads/book2357.pdf
2017,Hebron,4815.7,893.2,25,https://www.pcbs.gov.ps/Downloads/book2357.pdf
2017,Gaza Strip total,11670.3,1831.4,28,https://www.pcbs.gov.ps/Downloads/book2357.pdf
2017,Gaza and North Gaza,1547.4,241.0,9,https://www.pcbs.gov.ps/Downloads/book2357.pdf
2017,Deir Al-Balah,4913.9,818.8,9,https://www.pcbs.gov.ps/Downloads/book2357.pdf
2017,Khan Yunis and Rafah,5209.0,771.6,10,https://www.pcbs.gov.ps/Downloads/book2357.pdf
2018,Palestine total,59344.8,14740.4,260,https://www.pcbs.gov.ps/Downloads/book2418.pdf
2018,West Bank total,46934.6,12203.2,233,https://www.pcbs.gov.ps/Downloads/book2418.pdf
2018,Jenin and Tubas,18543.7,4871.1,58,https://www.pcbs.gov.ps/Downloads/book2418.pdf
2018,Tulkarm,4787.7,1271.9,31,https://www.pcbs.gov.ps/Downloads/book2418.pdf
2018,Nablus,5428.4,1506.7,38,https://www.pcbs.gov.ps/Downloads/book2418.pdf
2018,Qalqiliya,2164.2,578.6,16,https://www.pcbs.gov.ps/Downloads/book2418.pdf
2018,Salfit,2862.0,714.8,24,https://www.pcbs.gov.ps/Downloads/book2418.pdf
2018,Ramallah and Al-Bireh,4733.3,1282.5,31,https://www.pcbs.gov.ps/Downloads/book2418.pdf
2018,Jerusalem,440.2,107.4,3,https://www.pcbs.gov.ps/Downloads/book2418.pdf
2018,Bethlehem,2910.7,825.5,6,https://www.pcbs.gov.ps/Downloads/book2418.pdf
2018,Hebron,5064.4,1044.8,26,https://www.pcbs.gov.ps/Downloads/book2418.pdf
2018,Gaza Strip total,12410.2,2537.2,27,https://www.pcbs.gov.ps/Downloads/book2418.pdf
2018,Gaza and North Gaza,2690.5,536.0,9,https://www.pcbs.gov.ps/Downloads/book2418.pdf
2018,Deir Al-Balah,7201.4,1491.4,9,https://www.pcbs.gov.ps/Downloads/book2418.pdf
2018,Khan Yunis and Rafah,2518.4,509.9,9,https://www.pcbs.gov.ps/Downloads/book2418.pdf
2019,Palestine total,177610.8,39609.8,285,https://www.pcbs.gov.ps/Downloads/book2511.pdf
2019,West Bank total,145620.9,34026.9,250,https://www.pcbs.gov.ps/Downloads/book2511.pdf
2019,Jenin and Tubas,45764.6,10442.3,66,https://www.pcbs.gov.ps/Downloads/book2511.pdf
2019,Tulkarm,24228.0,6031.0,33,https://www.pcbs.gov.ps/Downloads/book2511.pdf
2019,Nablus,20212.7,4671.7,39,https://www.pcbs.gov.ps/Downloads/book2511.pdf
2019,Qalqiliya,10176.0,2544.0,18,https://www.pcbs.gov.ps/Downloads/book2511.pdf
2019,Salfit,15728.9,3460.5,25,https://www.pcbs.gov.ps/Downloads/book2511.pdf
2019,Ramallah and Al-Bireh,19746.6,4701.4,34,https://www.pcbs.gov.ps/Downloads/book2511.pdf
2019,Jerusalem,1346.4,277.6,3,https://www.pcbs.gov.ps/Downloads/book2511.pdf
2019,Bethlehem,3478.1,836.2,6,https://www.pcbs.gov.ps/Downloads/book2511.pdf
2019,Hebron,4939.7,1062.2,26,https://www.pcbs.gov.ps/Downloads/book2511.pdf
2019,Gaza Strip total,31989.8,5582.8,35,https://www.pcbs.gov.ps/Downloads/book2511.pdf
2019,Gaza and North Gaza,10087.7,1692.6,12,https://www.pcbs.gov.ps/Downloads/book2511.pdf
2019,Deir Al-Balah,15358.5,2725.4,11,https://www.pcbs.gov.ps/Downloads/book2511.pdf
2019,Khan Yunis and Rafah,6543.7,1164.8,12,https://www.pcbs.gov.ps/Downloads/book2511.pdf
