governorate,crop,area_dunum,source_url
Palestine total,wheat,100966.8,https://www.pcbs.gov.ps/Downloads/book2646.pdf
West Bank total,wheat,88456.89,https://www.pcbs.gov.ps/Downloads/book2646.pdf
Jenin,wheat,30394.2,https://www.pcbs.gov.ps/Downloads/book2646.pdf
Tubas and Northern Valleys,wheat,16243.74,https://www.pcbs.gov.ps/Downloads/book2646.pdf
Tulkarm,wheat,431.58,https://www.pcbs.gov.ps/Downloads/book2646.pdf
Nablus,wheat,6447.77,https://www.pcbs.gov.ps/Downloads/book2646.pdf
Qalqiliya,wheat,316.4,https://www.pcbs.gov.ps/Downloads/book2646.pdf
Salfit,wheat,66.59,https://www.pcbs.gov.ps/Downloads/book2646.pdf
Ramallah and Al-Bireh,wheat,5777.59,https://www.pcbs.gov.ps/Downloads/book2646.pdf
Jericho and Al-Aghwar,wheat,100.5,https://www.pcbs.gov.ps/Downloads/book2646.pdf
Jerusalem,wheat,419.22,https://www.pcbs.gov.ps/Downloads/book2646.pdf
Bethlehem,wheat,2663.14,https://www.pcbs.gov.ps/Downloads/book2646.pdf
Hebron,wheat,25596.16,https://www.pcbs.gov.ps/Downloads/book2646.pdf
Gaza Strip total,wheat,12509.91,https://www.pcbs.gov.ps/Downloads/book2646.pdf
North Gaza,wheat,2553.38,https://www.pcbs.gov.ps/Downloads/book2646.pdf
Gaza,wheat,1596.27,https://www.pcbs.gov.ps/Downloads/book2646.pdf
Deir Al-Balah,wheat,1831.93,https://www.pcbs.gov.ps/Downloads/book2646.pdf
Khan Yunis,wheat,5371.69,https://www.pcbs.gov.ps/Downloads/book2646.pdf
Rafah,wheat,1156.64,https://www.pcbs.gov.ps/Downloads/book2646.pdf
Palestine total,barley,49464.06,https://www.pcbs.gov.ps/Downloads/book2646.pdf
West Bank total,barley,47478.98,https://www.pcbs.gov.ps/Downloads/book2646.pdf
Jenin,barley,8306.23,https://www.pcbs.gov.ps/Downloads/book2646.pdf
Tubas and Northern Valleys,barley,8782.45,https://www.pcbs.gov.ps/Downloads/book2646.pdf
Tulkarm,barley,175.3,https://www.pcbs.gov.ps/Downloads/book2646.pdf
Nablus,barley,1668.02,https://www.pcbs.gov.ps/Downloads/book2646.pdf
Qalqiliya,barley,275.44,https://www.pcbs.gov.ps/Downloads/book2646.pdf
Salfit,barley,126.93,https://www.pcbs.gov.ps/Downloads/book2646.pdf
Ramallah and Al-Bireh,barley,1817.51,https://www.pcbs.gov.ps/Downloads/book2646.pdf
Jericho and Al-Aghwar,barley,466.5,https://www.pcbs.gov.ps/Downloads/book2646.pdf
Jerusalem,barley,250.92,https://www.pcbs.gov.ps/Downloads/book2646.pdf
Bethlehem,barley,3743.47,https://www.pcbs.gov.ps/Downloads/book2646.pdf
Hebron,barley,21866.21,https://www.pcbs.gov.ps/Downloads/book2646.pdf
Gaza Strip total,barley,1985.08,https://www.pcbs.gov.ps/Downloads/book2646.pdf
North Gaza,barley,344.54,https://www.pcbs.gov.ps/Downloads/book2646.pdf
Gaza,barley,276.36,https://www.pcbs.gov.ps/Downloads/book2646.pdf
Deir Al-Balah,barley,176.23,https://www.pcbs.gov.ps/Downloads/book2646.pdf
Khan Yunis,barley,866.48,https://www.pcbs.gov.ps/Downloads/book2646.pdf
Rafah,barley,321.47,https://www.pcbs.gov.ps/Downloads/book2646.pdf
